Map Results,11/11/2018 at 12:15:55 (GMT-0700),,,,,,,,,,,,,,,,,,,,,,,
Iron Spear Information Security,123 Mattlandia,,Calgary,Alberta,Canada,T2Z3X6,,,,,,,,,,,,,,,,,,
,user,Manager,,,,,,,,,,,,,,,,,,,,,,
,,,,,,,,,,,,,,,,,,,,,,,,
Launch Date,Client,Active Hosts,Total Hosts,Type,Status,Reference,Scanner Appliance,Duration,Scan Title,Asset Groups,IPs,Excluded IPs,Option Profile,,,,,,,,,,,
11/11/2018 at 12:15:55 (GMT-0700),Example,1,1,On-demand,Finished,scan/346577890.12543,"VM_SCANNER (Scanner 11.6.51-1, Vulnerability Signatures 2.4.753-2)",0:10:00,FEDX-GPS-INFRA-VLAN-Vuln-Scan,,192.168.99.1,,Web Authenticated Scan,,,,,,,,,,,
,,,,,,,,,,,,,,,,,,,,,,,,
IP,DNS,NetBIOS,OS,IP Status,QID,Title,Type,Severity,Port,Protocol,FQDN,SSL,CVE ID,Vendor Reference,Bugtraq ID,Threat,Impact,Solution,Exploitability,Associated Malware,Results,PCI Vuln,Instance,Category
192.168.99.1,No registered hostname,,Ubuntu / Linux 3.x,"host scanned, found vuln",105459,EOL/Obsolete Software: SNMP Protocol Version Detected,Vuln,5,,,,,,,,"Simple Network Management Protocol (SNMP) is an ""Internet-standard protocol for managing devices on IP networks.""  
The authentication of clients of earlier versions of SNMP is performed only by a ""community string"", in effect a type of password, which is transmitted in cleartext. 
The Internet Engineering Task Force (IETF) has designated SNMPv3 a full Internet standard, the highest maturity level for an RFC. It considers earlier versions to be obsolete designating them (""Historic""). (http://www.ietf.org/rfc/rfc3410.txt)
 
QID Detection Logic (unauthentication): 
This QID checks if the target allows SNMP access, if it is an end-of-life SNMP version the QID is posted.","The system is at high risk of being exposed to security vulnerabilities. Since the vendor no longer provides updates, obsolete software is more vulnerable to viruses and other attacks.","Disable or remove SNMPv1/2c authentication. Use SNMP version 3 authentication 
SNMPv3 provides additional security features: 
Confidentiality - Encryption of packets to prevent snooping by an unauthorized source. 
Integrity - Message integrity to ensure that a packet has not been tampered with in transit including an optional packet replay protection mechanism. 
Authentication - to verify that the message is from a valid source.  
For IBM AIX users the following document is recommended  SNMP for network management (http://www-01.ibm.com/support/knowledgecenter/ssw_aix_71/com.ibm.aix.networkcomm/snmp_intro.htm) 
If SNMP can not be used, look into third party applications / remote services that can be a replacement for SNMP. 

















Workaround: 
 
As a temporary measure, block access to SNMP services at the network perimeter.  
In situations where blocking or disabling SNMP is not possible,restrict all SNMP access to separate, isolated management networks that are not publicly accessible.",,,"public allows SNMPv2 access which is an obsolete version.
public allows SNMPv1 access which is an obsolete version.",yes,,Security Policy
192.168.99.1,No registered hostname,,Ubuntu / Linux 3.x,"host scanned, found vuln",78030,Readable SNMP Information,Vuln,3,161,udp,,,"CVE-1999-0517, CVE-1999-0186, CVE-1999-0254, CVE-1999-0516, CVE-1999-0472, CVE-2001-0514, CVE-2002-0109",,"3797, 2896, 3795",Unauthorized users can read all SNMP information because the access password is not secure.,"Read-access to all SNMP information can give unauthorized users an incredible amount of valuable information about your network.  See the ""Information Gathered"" section of the report for a demonstration. 
 
 Note : The SNMP information shown in the ""Information Gathered"" section is only a portion of what a remote user may actually be able to extract.","There are different types of attacks an unauthorized user can implement to retrieve sensitive information contained in the MIB. You can protect yourself against any of these attacks. The following is a list of possible attacks and how you can protect yourself (from highest to lowest risk):
 
  Brute force of community names : Replace the default password (often ""public"" or ""private"") with a secure one. The password should be hard to guess, and should not be derived from the hostname of the machine or from its model name (e.g., ""sun"" or ""ibm"").
  Eavesdropping of community names : SNMP Version 3 agents, as well as some of the SNMP Version 2 agents (not those named SNMPv2c for ""community based SNMP version 2"") include authentication using hashing functions, such as MD5.
  Eavesdropping of information retrieved by authorized users : Use the privacy function, such as DES-encryption, of the protocols described above. 
  Replay of legitimate SNMP message by unauthorized users : The protocols described above provide a simple replay protection using a timestamp and a message sequence number.",,,public,yes,,SNMP
192.168.99.1,No registered hostname,,Ubuntu / Linux 3.x,"host scanned, found vuln",82054,TCP Sequence Number Approximation Based Denial of Service,Vuln,2,,,,,CVE-2004-0230,,10183,"TCP provides stateful communications between hosts on a network. TCP sessions are established by a three-way handshake and use random 32-bit sequence and acknowledgement numbers to ensure the validity of traffic. A vulnerability was reported that may permit TCP sequence numbers to be more easily approximated by remote attackers. This issue affects products released by multiple vendors.  
 
The cause of the vulnerability is that affected implementations will accept TCP sequence numbers within a certain range, known as the acknowledgement range, of the expected sequence number for a packet in the session. This is determined by the TCP window size, which is negotiated during the three-way handshake for the session. Larger TCP window sizes may be set to allow for more throughput, but the larger the TCP window size, the more probable it is to guess a TCP sequence number that falls within an acceptable range. It was initially thought that guessing an acceptable sequence number was relatively difficult for most implementations given random distribution, making this type of attack impractical. However, some implementations may make it easier to successfully approximate an acceptable TCP sequence number, making these attacks possible with a number of protocols and implementations.
 
This is further compounded by the fact that some implementations may support the use of the TCP Window Scale Option, as described in RFC 1323, to extend the TCP window size to a maximum value of 1 billion.
 
This vulnerability will permit a remote attacker to inject a SYN or RST packet into the session, causing it to be reset and effectively allowing for denial of service attacks. An attacker would exploit this issue by sending a packet to a receiving implementation with an approximated sequence number and a forged source IP address and TCP port.
 
There are a few factors that may present viable target implementations, such as those which depend on long-lived TCP connections, those that have known or easily guessed IP address endpoints and those implementations with easily guessed TCP source ports. It has been noted that Border Gateway Protocol (BGP) is reported to be particularly vulnerable to this type of attack, due to the use of long-lived TCP sessions and the possibility that some implementations may use the TCP Window Scale Option. As a result, this issue is likely to affect a number of routing platforms.
 
Another factor to consider is the relative difficulty of injecting packets into TCP sessions, as a number of receiving implementations will reassemble packets in order, dropping any duplicates. This may make some implementations more resistant to attacks than others.
 
It should be noted that while a number of vendors have confirmed this issue in various products, investigations are ongoing and it is likely that many other vendors and products will turn out to be vulnerable as the issue is investigated further.",Successful exploitation of this issue could lead to denial of service attacks on the TCP based services of target hosts.,"Please first check the results section below for the port number on which this vulnerability was detected. If that port number is known to be used for port-forwarding, then it is the backend host that is really vulnerable.
 
Various implementations and products including Check Point, Cisco, Cray Inc, Hitachi, Internet Initiative Japan, Inc (IIJ), Juniper Networks, NEC, Polycom, and Yamaha are currently undergoing review. Contact the vendors to obtain more information about affected products and fixes. NISCC Advisory 236929 - Vulnerability Issues in TCP (http://packetstormsecurity.org/0404-advisories/246929.html) details the vendor patch status as of the time of the advisory, and identifies resolutions and workarounds.
 
Refer to US-CERT Vulnerability Note VU415294 (http://www.kb.cert.org/vuls/id/415294) and OSVDB Article 4030 (http://osvdb.org/4030) to obtain a list of vendors affected by this issue and a note on resolutions (if any) provided by the vendor.
 
For Microsoft: Refer to MS05-019 (https://docs.microsoft.com/en-us/security-updates/securitybulletins/2005/ms05-019) and MS06-064 (https://docs.microsoft.com/en-us/security-updates/securitybulletins/2006/ms06-064) for further details.
 
For SGI IRIX: Refer to SGI Security Advisory 20040905-01-P (ftp://patches.sgi.com/support/free/security/advisories/20040905-01-P.asc)
 
For SCO UnixWare 7.1.3 and 7.1.1: Refer to SCO Security Advisory SCOSA-2005.14 (ftp://ftp.sco.com/pub/updates/UnixWare/SCOSA-2005.14/SCOSA-2005.14.txt)
 
For Solaris (Sun Microsystems): The vendor has acknowledged the vulnerability; however a patch is not available. Refer to Sun Microsystems, Inc. Information for VU415294 (http://www.kb.cert.org/vuls/id/JARL-5YGQAJ) to obtain additional details. Also, refer to TA04-111A (http://www.us-cert.gov/cas/techalerts/TA04-111A.html) for detailed mitigating strategies against these attacks.
 
For NetBSD: Refer to NetBSD-SA2004-006 (ftp://ftp.netbsd.org/pub/NetBSD/security/advisories/NetBSD-SA2004-006.txt.asc)
 
For Cisco: Refer to cisco-sa-20040420-tcp-ios.shtml (http://www.cisco.com/warp/public/707/cisco-sa-20040420-tcp-ios.shtml).
 
For Red Hat Linux: There is no fix available.
 






Workaround: 
The following BGP-specific workaround information has been provided.
 
For BGP implementations that support it, the TCP MD5 Signature Option should be enabled. Passwords that the MD5 checksum is applied to should be set to strong values and changed on a regular basis.
 
Secure BGP configuration instructions have been provided for Cisco and Juniper at these locations:
 
Secure Cisco IOS BGP Template (http://www.cymru.com/Documents/secure-bgp-template.html)
 
JUNOS Secure BGP Template (http://www.cymru.com/gillsr/documents/junos-bgp-template.pdf)","Source: The Exploit-DB
Reference:CVE-2004-0230
Description:Microsoft Windows - Malformed IP Options Denial of Service (MS05-019) - The Exploit-DB Ref : 942
Link:http://www.exploit-db.com/exploits/942
Reference:CVE-2004-0230
Description:Microsoft Windows XP/2000 - TCP Connection Reset - The Exploit-DB Ref : 276
Link:http://www.exploit-db.com/exploits/276
Reference:CVE-2004-0230
Description:TCP Connection Reset - Remote Denial of Service - The Exploit-DB Ref : 291
Link:http://www.exploit-db.com/exploits/291
Reference:CVE-2004-0230
Description:Multiple Vendor - TCP Sequence Number Approximation (1) - The Exploit-DB Ref : 24030
Link:http://www.exploit-db.com/exploits/24030
Reference:CVE-2004-0230
Description:Multiple Vendor - TCP Sequence Number Approximation (2) - The Exploit-DB Ref : 24031
Link:http://www.exploit-db.com/exploits/24031
Reference:CVE-2004-0230
Description:Multiple Vendor - TCP Sequence Number Approximation (3) - The Exploit-DB Ref : 24032
Link:http://www.exploit-db.com/exploits/24032
Reference:CVE-2004-0230
Description:Multiple Vendor - TCP Sequence Number Approximation (4) - The Exploit-DB Ref : 24033
Link:http://www.exploit-db.com/exploits/24033",,Tested on port 80 with an injected SYN/RST offset by 16 bytes.,no,,TCP/IP
192.168.99.1,No registered hostname,,Ubuntu / Linux 3.x,"host scanned, found vuln",38169,SSL Certificate - Self-Signed Certificate,Vuln,2,443,tcp,,over ssl,,,,"An SSL Certificate associates an entity (person, organization, host, etc.) with a Public Key. In an SSL connection, the client authenticates the remote server using the server's Certificate and extracts the Public Key in the Certificate to establish the secure connection.
 
The client can trust that the Server Certificate belongs the server only if it is signed by a mutually trusted third-party Certificate Authority (CA). Self-signed certificates are created generally for testing purposes or to avoid paying third-party CAs. These should not be used on any production or critical servers.
 
By exploiting this vulnerability, an attacker can impersonate the server by presenting a fake self-signed certificate. If the client knows that the server does not have a trusted certificate, it will accept this spoofed certificate and communicate with the remote server.","By exploiting this vulnerability, an attacker can launch a man-in-the-middle attack.",Please install a server certificate signed by a trusted third-party Certificate Authority.,,,"Certificate 0 emailAddress=support@dell.com,CN=idrac-SVCTAG,OU=Remote_Access_Group,O=Dell_Inc.,L=Round_Rock,ST=Texas,C=US  is a self signed certificate.",yes,,General remote services
192.168.99.1,No registered hostname,,Ubuntu / Linux 3.x,"host scanned, found vuln",38170,SSL Certificate - Subject Common Name Does Not Match Server FQDN,Vuln,2,443,tcp,,over ssl,,,,"An SSL Certificate associates an entity (person, organization, host, etc.) with a Public Key. In an SSL connection, the client authenticates the remote server using the server's Certificate and extracts the Public Key in the Certificate to establish the secure connection.
 
A certificate whose Subject commonName or subjectAltName does not match the server FQDN offers only encryption without authentication.
 
Please note that a false positive reporting of this vulnerability is possible in the following case:
 If the common name of the certificate uses a wildcard such as *.somedomainname.com and the reverse DNS resolution of the target IP is not configured. In this case there is no way for Qualys to associate the wildcard common name to the IP. Adding a reverse DNS lookup entry to the target IP will solve this problem.","A man-in-the-middle attacker can exploit this vulnerability in tandem with a DNS cache poisoning attack to lure the client to another server, and then steal all the encryption communication.",Please install a server certificate whose Subject commonName or subjectAltName matches the server FQDN.,,,"Certificate 0 emailAddress=support@dell.com,CN=idrac-SVCTAG,OU=Remote_Access_Group,O=Dell_Inc.,L=Round_Rock,ST=Texas,C=US (idrac-SVCTAG) doesn't resolve
(idrac-SVCTAG) doesn't resolve",no,,General remote services
192.168.99.1,No registered hostname,,Ubuntu / Linux 3.x,"host scanned, found vuln",38172,SSL Certificate - Improper Usage Vulnerability,Vuln,2,443,tcp,,over ssl,,,,"An SSL Certificate associates an entity (person, organization, host, etc.) with a Public Key. In an SSL connection, the client authenticates the remote server using the server's Certificate and extracts the Public Key in the Certificate to establish the secure connection.
 
The basicConstraints section of the certificate may specify if it is a Certificate Authority (CA) certificate. Also, the keyUsage field in the X509v3 extensions section of the certificate, if present, may restrict the usage of the certificate.
 
In general, a server public key should not be used for Certificate or CRL signing, a client or CA certificate should be not used as a server certificate.","If the keyUsage or the basicConstraint field is designated as a critical parameter in the certificate, the client may abort the communication if the usage validation fails.",Please install a server certificate with correct usage.,,,"Certificate 0 emailAddress=support@dell.com,CN=idrac-SVCTAG,OU=Remote_Access_Group,O=Dell_Inc.,L=Round_Rock,ST=Texas,C=US is not suitable for CRL signing.",yes,,General remote services
192.168.99.1,No registered hostname,,Ubuntu / Linux 3.x,"host scanned, found vuln",38173,SSL Certificate - Signature Verification Failed Vulnerability,Vuln,2,443,tcp,,over ssl,,,,"An SSL Certificate associates an entity (person, organization, host, etc.) with a Public Key. In an SSL connection, the client authenticates the remote server using the server's Certificate and extracts the Public Key in the Certificate to establish the secure connection. The authentication is done by verifying that the public key in the certificate is signed by a trusted third-party Certificate Authority.
 
If a client is unable to verify the certificate, it can abort communication or prompt the user to continue the communication without authentication.","By exploiting this vulnerability, man-in-the-middle attacks in tandem with DNS cache poisoning can occur.
 
Exception: 
If the server communicates only with a restricted set of clients who have the server certificate or the trusted CA certificate, then the server or CA certificate may not be available publicly, and the scan will be unable to verify the signature.",Please install a server certificate signed by a trusted third-party Certificate Authority.,,,"Certificate 0 emailAddress=support@dell.com,CN=idrac-SVCTAG,OU=Remote_Access_Group,O=Dell_Inc.,L=Round_Rock,ST=Texas,C=US self signed certificate",yes,,General remote services
192.168.99.1,No registered hostname,,Ubuntu / Linux 3.x,"host scanned, found vuln",38685,SSL Certificate - Invalid Maximum Validity Date Detected,Vuln,2,443,tcp,,over ssl,,,,"Starting 1 March 2018, Certification Authorities (CAs) are not permitted to issue SSL certificates (issued from a public root) with a validity period greater than 27 months.  
 
SSL/TLS certificate maximum validity is 825 days (27 months) for Domain Validated (DV) and Organization Validated (OV) Certificates. 
SSL certificates have limited validity periods so that the certificate's holder identity information is re-authenticated more frequently. 
 
It is detected that maximum validity of certificate on the system is more than what is recommended.","By exploiting this vulnerability, an attacker can launch a man-in-the-middle attack.",Please install a server certificate with recommended maximum validity.,,,"Certificate 0 emailAddress=support@dell.com,CN=idrac-SVCTAG,OU=Remote_Access_Group,O=Dell_Inc.,L=Round_Rock,ST=Texas,C=US  is valid for more than 825 days",yes,,General remote services
192.168.99.1,No registered hostname,,Ubuntu / Linux 3.x,"host scanned, found vuln",38169,SSL Certificate - Self-Signed Certificate,Vuln,2,5900,tcp,,over ssl,,,,"An SSL Certificate associates an entity (person, organization, host, etc.) with a Public Key. In an SSL connection, the client authenticates the remote server using the server's Certificate and extracts the Public Key in the Certificate to establish the secure connection.
 
The client can trust that the Server Certificate belongs the server only if it is signed by a mutually trusted third-party Certificate Authority (CA). Self-signed certificates are created generally for testing purposes or to avoid paying third-party CAs. These should not be used on any production or critical servers.
 
By exploiting this vulnerability, an attacker can impersonate the server by presenting a fake self-signed certificate. If the client knows that the server does not have a trusted certificate, it will accept this spoofed certificate and communicate with the remote server.","By exploiting this vulnerability, an attacker can launch a man-in-the-middle attack.",Please install a server certificate signed by a trusted third-party Certificate Authority.,,,"Certificate 0 emailAddress=support@dell.com,CN=idrac-SVCTAG,OU=Remote_Access_Group,O=Dell_Inc.,L=Round_Rock,ST=Texas,C=US  is a self signed certificate.",yes,,General remote services
192.168.99.1,No registered hostname,,Ubuntu / Linux 3.x,"host scanned, found vuln",38170,SSL Certificate - Subject Common Name Does Not Match Server FQDN,Vuln,2,5900,tcp,,over ssl,,,,"An SSL Certificate associates an entity (person, organization, host, etc.) with a Public Key. In an SSL connection, the client authenticates the remote server using the server's Certificate and extracts the Public Key in the Certificate to establish the secure connection.
 
A certificate whose Subject commonName or subjectAltName does not match the server FQDN offers only encryption without authentication.
 
Please note that a false positive reporting of this vulnerability is possible in the following case:
 If the common name of the certificate uses a wildcard such as *.somedomainname.com and the reverse DNS resolution of the target IP is not configured. In this case there is no way for Qualys to associate the wildcard common name to the IP. Adding a reverse DNS lookup entry to the target IP will solve this problem.","A man-in-the-middle attacker can exploit this vulnerability in tandem with a DNS cache poisoning attack to lure the client to another server, and then steal all the encryption communication.",Please install a server certificate whose Subject commonName or subjectAltName matches the server FQDN.,,,"Certificate 0 emailAddress=support@dell.com,CN=idrac-SVCTAG,OU=Remote_Access_Group,O=Dell_Inc.,L=Round_Rock,ST=Texas,C=US (idrac-SVCTAG) doesn't resolve
(idrac-SVCTAG) doesn't resolve",no,,General remote services
192.168.99.1,No registered hostname,,Ubuntu / Linux 3.x,"host scanned, found vuln",38172,SSL Certificate - Improper Usage Vulnerability,Vuln,2,5900,tcp,,over ssl,,,,"An SSL Certificate associates an entity (person, organization, host, etc.) with a Public Key. In an SSL connection, the client authenticates the remote server using the server's Certificate and extracts the Public Key in the Certificate to establish the secure connection.
 
The basicConstraints section of the certificate may specify if it is a Certificate Authority (CA) certificate. Also, the keyUsage field in the X509v3 extensions section of the certificate, if present, may restrict the usage of the certificate.
 
In general, a server public key should not be used for Certificate or CRL signing, a client or CA certificate should be not used as a server certificate.","If the keyUsage or the basicConstraint field is designated as a critical parameter in the certificate, the client may abort the communication if the usage validation fails.",Please install a server certificate with correct usage.,,,"Certificate 0 emailAddress=support@dell.com,CN=idrac-SVCTAG,OU=Remote_Access_Group,O=Dell_Inc.,L=Round_Rock,ST=Texas,C=US is not suitable for CRL signing.",yes,,General remote services
192.168.99.1,No registered hostname,,Ubuntu / Linux 3.x,"host scanned, found vuln",38173,SSL Certificate - Signature Verification Failed Vulnerability,Vuln,2,5900,tcp,,over ssl,,,,"An SSL Certificate associates an entity (person, organization, host, etc.) with a Public Key. In an SSL connection, the client authenticates the remote server using the server's Certificate and extracts the Public Key in the Certificate to establish the secure connection. The authentication is done by verifying that the public key in the certificate is signed by a trusted third-party Certificate Authority.
 
If a client is unable to verify the certificate, it can abort communication or prompt the user to continue the communication without authentication.","By exploiting this vulnerability, man-in-the-middle attacks in tandem with DNS cache poisoning can occur.
 
Exception: 
If the server communicates only with a restricted set of clients who have the server certificate or the trusted CA certificate, then the server or CA certificate may not be available publicly, and the scan will be unable to verify the signature.",Please install a server certificate signed by a trusted third-party Certificate Authority.,,,"Certificate 0 emailAddress=support@dell.com,CN=idrac-SVCTAG,OU=Remote_Access_Group,O=Dell_Inc.,L=Round_Rock,ST=Texas,C=US self signed certificate",yes,,General remote services
192.168.99.1,No registered hostname,,Ubuntu / Linux 3.x,"host scanned, found vuln",38685,SSL Certificate - Invalid Maximum Validity Date Detected,Vuln,2,5900,tcp,,over ssl,,,,"Starting 1 March 2018, Certification Authorities (CAs) are not permitted to issue SSL certificates (issued from a public root) with a validity period greater than 27 months.  
 
SSL/TLS certificate maximum validity is 825 days (27 months) for Domain Validated (DV) and Organization Validated (OV) Certificates. 
SSL certificates have limited validity periods so that the certificate's holder identity information is re-authenticated more frequently. 
 
It is detected that maximum validity of certificate on the system is more than what is recommended.","By exploiting this vulnerability, an attacker can launch a man-in-the-middle attack.",Please install a server certificate with recommended maximum validity.,,,"Certificate 0 emailAddress=support@dell.com,CN=idrac-SVCTAG,OU=Remote_Access_Group,O=Dell_Inc.,L=Round_Rock,ST=Texas,C=US  is valid for more than 825 days",yes,,General remote services
192.168.99.1,No registered hostname,,Ubuntu / Linux 3.x,"host scanned, found vuln",13607,Host is Vulnerable to  Extended Master Secret TLS Extension (TLS triple handshake),Practice,4,443,tcp,,over ssl,CVE-2009-3555,,,"The Transport Layer Security (TLS) master secret is not cryptographically bound to important session parameters such as the server certificate. Consequently, it is possible for an active attacker to set up two sessions, one with a client and another with a server, such that the master secrets on the two sessions are the same.   
QID Detection Logic(Un-Authenticated): 
This QID checks for web response coming from vulnerable host.","On successful exploitation it becomes vulnerable to a man-in-the-middle attack, where the attacker can simply forward messages back and forth between the client and server.","Refer to OpenSSL (https://www.openssl.org/docs/manmaster/man3/SSL_CTX_set_options.html) for details. 
 Patch: 
Following are links for downloading patches to fix the vulnerabilities:
  OpenSSL (https://www.openssl.org/docs/manmaster/man3/SSL_CTX_set_options.html)","Source: The Exploit-DB
Reference:CVE-2009-3555
Description:Mozilla NSS - NULL Character CA SSL Certificate Validation Security Bypass - The Exploit-DB Ref : 10071
Link:http://www.exploit-db.com/exploits/10071
Reference:CVE-2009-3555
Description:TLS - Renegotiation - The Exploit-DB Ref : 10579
Link:http://www.exploit-db.com/exploits/10579",,Host:192.168.99.1:443 is vulnerable to TLS triple handshake,yes,,CGI
192.168.99.1,No registered hostname,,Ubuntu / Linux 3.x,"host scanned, found vuln",13607,Host is Vulnerable to  Extended Master Secret TLS Extension (TLS triple handshake),Practice,4,5900,tcp,,over ssl,CVE-2009-3555,,,"The Transport Layer Security (TLS) master secret is not cryptographically bound to important session parameters such as the server certificate. Consequently, it is possible for an active attacker to set up two sessions, one with a client and another with a server, such that the master secrets on the two sessions are the same.   
QID Detection Logic(Un-Authenticated): 
This QID checks for web response coming from vulnerable host.","On successful exploitation it becomes vulnerable to a man-in-the-middle attack, where the attacker can simply forward messages back and forth between the client and server.","Refer to OpenSSL (https://www.openssl.org/docs/manmaster/man3/SSL_CTX_set_options.html) for details. 
 Patch: 
Following are links for downloading patches to fix the vulnerabilities:
  OpenSSL (https://www.openssl.org/docs/manmaster/man3/SSL_CTX_set_options.html)","Source: The Exploit-DB
Reference:CVE-2009-3555
Description:Mozilla NSS - NULL Character CA SSL Certificate Validation Security Bypass - The Exploit-DB Ref : 10071
Link:http://www.exploit-db.com/exploits/10071
Reference:CVE-2009-3555
Description:TLS - Renegotiation - The Exploit-DB Ref : 10579
Link:http://www.exploit-db.com/exploits/10579",,Host:192.168.99.1:5900 is vulnerable to TLS triple handshake,yes,,CGI
192.168.99.1,No registered hostname,,Ubuntu / Linux 3.x,"host scanned, found vuln",38666,SNMP GETBULK Reflected Distributed Denial-of-Service Vulnerability,Practice,4,161,udp,,,,,,"A SNMP GetBulk request performs multiple GetNext requests and returns the result in a single response. This request can be masqueraded by malicious attackers to launch a SNMP GetBulk flood against a targeted server. 
QID Detection Logic: 
Sends a SNMP GetBulk request and checks for response.","Successful exploitation allows unauthenticated, remote attackers to cause denial-of-service conditions against targeted remote hosts.","N/A 




Workaround: 
Customers are advised to disable unauthenticated, public SNMPv2 access and enable SNMPv3.",,,SNMP GETBULK Reflected Distributed Denial-of-Service possible.,no,,General remote services
192.168.99.1,No registered hostname,,Ubuntu / Linux 3.x,"host scanned, found vuln",42017,Remote Access or Management Service Detected,Ig,3,,,,,,,,"A remote access or remote management service was detected. If such a service is accessible to malicious users it can be used to carry different type of attacks. Malicious users could try to brute force credentials or collect additional information on the service which could enable them in crafting further attacks. 
 
The Results section includes information on the remote access service that was found on the target.
 
Services like Telnet, Rlogin, SSH, windows remote desktop, pcAnywhere, Citrix Management Console, Remote Admin (RAdmin), VNC, OPENVPN and ISAKMP are checked.",Consequences vary by the type of attack.,Expose the remote access or remote management services only to the system administrators or intended users of the system.,,,"Service name: SSH on TCP port 22.
Service name: SNMP on UDP port 161.",no,,General remote services
192.168.99.1,No registered hostname,,Ubuntu / Linux 3.x,"host scanned, found vuln",48002,HTTP Public-Key-Pins Security Header Not Detected,Ig,3,443,tcp,,,,,,"HTTP Public Key Pinning (HPKP) is a security feature that tells a web client to associate a specific cryptographic public key with a certain web server to decrease the risk of MITM attacks with forged certificates. 
QID Detection Logic: 
This QID detects the absence of the Public-Key-Pins HTTP header by transmitting a GET request.",N/A,N/A,,,"HTTP Public-Key-Pins Header missing on port 443.
GET / HTTP/1.1
Host: 192.168.99.1
Connection: Keep-Alive",no,,Information gathering
192.168.99.1,No registered hostname,,Ubuntu / Linux 3.x,"host scanned, found vuln",48002,HTTP Public-Key-Pins Security Header Not Detected,Ig,3,5900,tcp,,,,,,"HTTP Public Key Pinning (HPKP) is a security feature that tells a web client to associate a specific cryptographic public key with a certain web server to decrease the risk of MITM attacks with forged certificates. 
QID Detection Logic: 
This QID detects the absence of the Public-Key-Pins HTTP header by transmitting a GET request.",N/A,N/A,,,"HTTP Public-Key-Pins Header missing on port 5900.
GET / HTTP/1.1
Host: 192.168.99.1:5900
Connection: Keep-Alive",no,,Information gathering
192.168.99.1,No registered hostname,,Ubuntu / Linux 3.x,"host scanned, found vuln",45017,Operating System Detected,Ig,2,,,,,,,,"Several different techniques can be used to identify the operating system (OS) running on a host. A short description of these techniques is provided below. The specific technique used to identify the OS on this host is included in the RESULTS section of your report.
 
1)  TCP/IP Fingerprint : The operating system of a host can be identified from a remote system using TCP/IP fingerprinting. All underlying operating system TCP/IP stacks have subtle differences that can be seen in their responses to specially-crafted TCP packets. According to the results of this ""fingerprinting"" technique, the OS version is among those listed below. 
 
Note that if one or more of these subtle differences are modified by a firewall or a packet filtering device between the scanner and the host, the fingerprinting technique may fail. Consequently, the version of the OS may not be detected correctly. If the host is behind a proxy-type firewall, the version of the operating system detected may be that of the firewall instead of the host being scanned.
 
2)  NetBIOS : Short for Network Basic Input Output System, an application programming interface (API) that augments the DOS BIOS by adding special functions for local-area networks (LANs). Almost all LANs for PCs are based on the NetBIOS. Some LAN manufacturers have even extended it, adding additional network capabilities. NetBIOS relies on a message format called Server Message Block (SMB). 
 
3)  PHP Info : PHP is a hypertext pre-processor, an open-source, server-side, HTML-embedded scripting language used to create dynamic Web pages. Under some configurations it is possible to call PHP functions like phpinfo() and obtain operating system information.
 
4)  SNMP : The Simple Network Monitoring Protocol is used to monitor hosts, routers, and the networks to which they attach. The SNMP service maintains Management Information Base (MIB), a set of variables (database) that can be fetched by Managers. These include ""MIB_II.system.sysDescr"" for the operating system.",Not  applicable.,Not  applicable.,,,"Operating System	Technique	ID
Ubuntu / Linux 3.x	TCP/IP Fingerprint	U6067:22",no,,Information gathering
192.168.99.1,No registered hostname,,Ubuntu / Linux 3.x,"host scanned, found vuln",82063,Host Uptime Based on TCP TimeStamp Option,Ig,2,,,,,,,,"The TCP/IP stack on the host supports the TCP TimeStamp (kind 8) option. Typically the timestamp used is the host's uptime (since last reboot) in various units (e.g., one hundredth of second, one tenth of a second, etc.). Based on this, we can obtain the host's uptime. The result is given in the Result section below.
 
Some operating systems (e.g., MacOS, OpenBSD) use a non-zero, probably random, initial value for the timestamp. For these operating systems, the uptime obtained does not reflect the actual uptime of the host; the former is always larger than the latter.",N/A,N/A,,,"Based on TCP timestamps obtained via port 22, the host's uptime is 59 days, 1 hours, and 59 minutes.
The TCP timestamps from the host are in units of 10 milliseconds.",no,,TCP/IP
192.168.99.1,No registered hostname,,Ubuntu / Linux 3.x,"host scanned, found vuln",45266,Web Server HTTP Protocol Versions,Ig,2,80,tcp,,,,,,This QID lists supported HTTP protocol (HTTP 1.x or HTTP 2) from remote web server.,N/A,N/A,,,Remote Web Server supports HTTP version 1.x on 80 port.GET / HTTP/1.1,no,,Information gathering
192.168.99.1,No registered hostname,,Ubuntu / Linux 3.x,"host scanned, found vuln",45266,Web Server HTTP Protocol Versions,Ig,2,443,tcp,,,,,,This QID lists supported HTTP protocol (HTTP 1.x or HTTP 2) from remote web server.,N/A,N/A,,,Remote Web Server supports HTTP version 1.x on 443 port.GET / HTTP/1.1,no,,Information gathering
192.168.99.1,No registered hostname,,Ubuntu / Linux 3.x,"host scanned, found vuln",45266,Web Server HTTP Protocol Versions,Ig,2,5900,tcp,,,,,,This QID lists supported HTTP protocol (HTTP 1.x or HTTP 2) from remote web server.,N/A,N/A,,,Remote Web Server supports HTTP version 1.x on 5900 port.GET / HTTP/1.1,no,,Information gathering
192.168.99.1,No registered hostname,,Ubuntu / Linux 3.x,"host scanned, found vuln",6,DNS Host Name,Ig,1,,,,,,,,"The fully qualified domain name of this host, if it was obtained from a DNS server, is displayed in the RESULT section.",N/A,N/A,,,"IP address	Host name
192.168.99.1	No registered hostname",no,,Information gathering
192.168.99.1,No registered hostname,,Ubuntu / Linux 3.x,"host scanned, found vuln",43007,Network Adapter MAC Address,Ig,1,,,,,,,,It is possible to obtain the MAC address information of the network adapters on the target system. Various sources such as SNMP and NetBIOS provide such information. This vulnerability test attempts to gather and report on this information in a table format.,N/A,N/A,,,"Method	MAC Address	Vendor
SNMP	4C:D9:8F:1D:A3:C8",no,,Hardware
192.168.99.1,No registered hostname,,Ubuntu / Linux 3.x,"host scanned, found vuln",45006,Traceroute,Ig,1,,,,,,,,Traceroute describes the path in realtime from the scanner to the remote host being contacted. It reports the IP addresses of all the routers in between.,,,,,"Hops	IP	Round Trip Time	Probe	Port
1	10.9.0.14	2.56ms	ICMP	 
2	10.1.9.1	0.31ms	ICMP	 
3	172.30.0.2	0.52ms	ICMP	 
4	10.3.9.1	0.48ms	ICMP	 
5	10.3.9.2	0.68ms	ICMP	 
6	192.168.99.1	0.79ms	UDP	80",no,,Information gathering
192.168.99.1,No registered hostname,,Ubuntu / Linux 3.x,"host scanned, found vuln",45038,Host Scan Time,Ig,1,,,,,,,,"The Host Scan Time is the period of time it takes the scanning engine to perform the vulnerability assessment of a single target host. The Host Scan Time for this host is reported in the Result section below. 
 
The Host Scan Time does not have a direct correlation to the Duration time as displayed in the Report Summary section of a scan results report. The Duration is the period of time it takes the service to perform a scan task. The Duration includes the time it takes the service to scan all hosts, which may involve parallel scanning. It also includes the time it takes for a scanner appliance to pick up the scan task and transfer the results back to the service's Secure Operating Center. Further, when a scan task is distributed across multiple scanners, the Duration includes the time it takes to perform parallel host scanning on all scanners.
 
For host running the Qualys Windows agent this QID reports the time taken by the agent to collect the host metadata used for the most recent assessment scan.",N/A,N/A,,,"Scan duration: 583 seconds

Start time: Fri, Nov 22 2019, 17:01:01 GMT

End time: Fri, Nov 22 2019, 17:10:44 GMT",no,,Information gathering
192.168.99.1,No registered hostname,,Ubuntu / Linux 3.x,"host scanned, found vuln",45039,Host Names Found,Ig,1,,,,,,,,"The following host names were discovered for this computer using various methods such as DNS look up, NetBIOS query, and SQL server name query.",N/A,N/A,,,"Host Name	Source
iDRAC-FM871T2	SNMP",no,,Information gathering
192.168.99.1,No registered hostname,,Ubuntu / Linux 3.x,"host scanned, found vuln",78000,General information about this host,Ig,1,,,,,,,,The product description string discloses information about your Operating System (sometimes even its exact release).,N/A,Please note that  uptime  and  SystemUptime  are represented in Timeticks ie multiple of 1/100th of a second. uptime represents the time since SNMP was started. SystemUptime represents the time  since the host was last initialized. For more information please refer SNMP Mib documentations for MIB II (RFC 1213) and Host Mib (RFC 2790).,,,"Uptime	510505567
 Person to contact	""support@dell.com""
 System name	iDRAC-FM871T2
 Location	""unknown""
 IP forwarding (behave as router) 	disabled",no,,SNMP
192.168.99.1,No registered hostname,,Ubuntu / Linux 3.x,"host scanned, found vuln",78001,Interface list,Ig,1,,,,,,,,,,,,,"Name	 Type 	 MTU 	 Bandwidth 	 MAC address	 Status 	 Data received 	 Packets received 	 Data sent 	 Packets sent
lo	loopback	65536 bytes	10000000 = 10 Mbits/s	 	up	139421293 = 132 MB, 985 kB, 621 bytes	1078306	139421293 = 132 MB, 985 kB, 621 bytes	1078306
bond0	ethernet	1500 bytes	1000000000 = 1000 Mbits/s	4cd98f1da3c8	up	936285986 = 892 MB, 933 kB, 802 bytes	1885122	95470622 = 91 MB, 49 kB, 30 bytes	317338",no,,SNMP
192.168.99.1,No registered hostname,,Ubuntu / Linux 3.x,"host scanned, found vuln",78002,IP addresses via SNMP,Ig,1,,,,,,,,The IP addresses table discloses alternative IP addresses of the scanned host using SNMP.,N/A,N/A,,,"Address	 Net mask 	 Broadcast convention 
192.168.99.1	255.255.255.0	 1 for every bit
127.0.0.1	255.0.0.0	 0 for every bit",no,,SNMP
192.168.99.1,No registered hostname,,Ubuntu / Linux 3.x,"host scanned, found vuln",78003,Routing table,Ig,1,,,,,,,,Routing tables disclose information about your network topology.,,,,,"Destination	 Gateway	 type 	 routing protocol 	 Mask 
0.0.0.0	10.9.1.254	indirect (at least one gateway)	 manual	0.0.0.0
10.9.1.0	0.0.0.0	direct (same physical network)	 manual	255.255.255.0",no,,SNMP
192.168.99.1,No registered hostname,,Ubuntu / Linux 3.x,"host scanned, found vuln",78004,ARP table,Ig,1,,,,,,,,ARP tables can signal the presence of other hosts on your network.,,,,,"MAC address	 IP address	 Origin 
e4434b40e7c4	10.9.1.200	 dynamic
005056869521	10.9.1.248	 dynamic
b07d47b238c2	10.9.1.254	 dynamic",no,,SNMP
192.168.99.1,No registered hostname,,Ubuntu / Linux 3.x,"host scanned, found vuln",78017,Network information,Ig,1,,,,,,,,,,,,,"TCP client connections established	65390
 TCP server connections established	73024
 Ping's request (ICPM Echo) received 	0
 Ping's answers (ICPM Echo Replies) received	20
 SNMPv1/v2c bad communities 	14
 Authentication's failure traps 	disabled",no,,SNMP
192.168.99.1,No registered hostname,,Ubuntu / Linux 3.x,"host scanned, found vuln",82004,Open UDP Services List,Ig,1,,,,,,,,"A port scanner was used to draw a map of all the UDP services on this host that can be accessed from the Internet.
 
Note that if the host is behind a firewall, there is a small chance that the list includes a few ports that are filtered or blocked by the firewall but are not actually open on the target host. This (false positive on UDP open ports) may happen when the firewall is configured to reject UDP packets for most (but not all) ports with an ICMP Port Unreachable packet. This may also happen when the firewall is configured to allow UDP packets for most (but not all) ports through and filter/block/drop UDP packets for only a few ports. Both cases are uncommon.",Unauthorized users can exploit this information to test vulnerabilities in each of the open services.,"Shut down any unknown or unused service on the list.  If you have difficulty working out which service is provided by which process or program, contact your provider's support team.  For more information about commercial and open-source Intrusion Detection Systems available for detecting port scanners of this kind, visit the CERT Web site (http://www.cert.org).",,,"Port	IANA Assigned Ports/Services	Description	Service Detected
161	snmp	SNMP	snmp
623	aux bus shunt	Aux Bus Shunt	unknown",no,,TCP/IP
192.168.99.1,No registered hostname,,Ubuntu / Linux 3.x,"host scanned, found vuln",82023,Open TCP Services List,Ig,1,,,,,,,,"The port scanner enables unauthorized users with the appropriate tools to draw a map of all services on this host that can be accessed from the Internet.  The test was carried out with a ""stealth"" port scanner so that the server does not log real connections.
 
The Results section displays the port number (Port), the default service listening on the port (IANA Assigned Ports/Services), the description of the service (Description) and the service that the scanner detected using service discovery (Service Detected).",Unauthorized users can exploit this information to test vulnerabilities in each of the open services.,"Shut down any unknown or unused service on the list.  If you have difficulty figuring out which service is provided by which process or program, contact your provider's support team.  For more information about commercial and open-source Intrusion Detection Systems available for detecting port scanners of this kind, visit the CERT Web site (http://www.cert.org).",,,"Port	IANA Assigned Ports/Services	Description	Service Detected	OS On Redirected Port
22	ssh	SSH Remote Login Protocol	ssh 	 
80	www-http	World Wide Web HTTP	http 	 
443	https	http protocol over TLS/SSL	http over ssl	 
5900	vnc	vnc	http over ssl",no,,TCP/IP
192.168.99.1,No registered hostname,,Ubuntu / Linux 3.x,"host scanned, found vuln",82040,ICMP Replies Received,Ig,1,,,,,,,,"ICMP (Internet Control and Error Message Protocol) is a protocol encapsulated in IP packets. ICMP's principal purpose is to provide a protocol layer that informs gateways of the inter-connectivity and accessibility of other gateways or hosts. 
 
We have sent the following types of packets to trigger the host to send us ICMP replies: 
 
Echo Request (to trigger Echo Reply) 
Timestamp Request (to trigger Timestamp Reply) 
Address Mask Request (to trigger Address Mask Reply) 
UDP Packet (to trigger Port Unreachable Reply) 
IP Packet with Protocol >= 250 (to trigger Protocol Unreachable Reply)
 
Listed in the ""Result"" section are the ICMP replies that we have received.",,,,,"ICMP Reply Type	Triggered By	Additional Information
Echo (type=0 code=0)	Echo Request	Echo Reply
Unreachable (type=3 code=3)	UDP Port 1041	Port Unreachable
Unreachable (type=3 code=3)	UDP Port 1	Port Unreachable
Unreachable (type=3 code=3)	UDP Port 41937	Port Unreachable
Unreachable (type=3 code=3)	UDP Port 1010	Port Unreachable
Unreachable (type=3 code=3)	UDP Port 555	Port Unreachable
Unreachable (type=3 code=3)	UDP Port 5632	Port Unreachable
Unreachable (type=3 code=3)	UDP Port 2967	Port Unreachable
Unreachable (type=3 code=3)	UDP Port 7111	Port Unreachable
Unreachable (type=3 code=3)	UDP Port 69	Port Unreachable
Unreachable (type=3 code=2)	IP with High Protocol	Protocol Unreachable
Unreachable (type=3 code=3)	UDP Port 7300	Port Unreachable",no,,TCP/IP
192.168.99.1,No registered hostname,,Ubuntu / Linux 3.x,"host scanned, found vuln",82045,Degree of Randomness of TCP Initial Sequence Numbers,Ig,1,,,,,,,,TCP Initial Sequence Numbers (ISNs) obtained in the SYNACK replies from the host are analyzed to determine how random they are. The average change between subsequent ISNs and the standard deviation from the average are displayed in the RESULT section. Also included is the degree of difficulty for exploitation of the TCP ISN generation scheme used by the host.,N/A,N/A,,,Average change between subsequent TCP initial sequence numbers is 1113569142 with a standard deviation of 673099343. These TCP initial sequence numbers were triggered by TCP SYN probes sent to the host at an average rate of 1/(5075 microseconds). The degree of difficulty to exploit the TCP initial sequence number generation scheme is: hard.,no,,TCP/IP
192.168.99.1,No registered hostname,,Ubuntu / Linux 3.x,"host scanned, found vuln",82046,IP ID Values Randomness,Ig,1,,,,,,,,"The values for the identification (ID) field in IP headers in IP packets from the host are analyzed to determine how random they are. The changes between subsequent ID values for either the network byte ordering or the host byte ordering, whichever is smaller, are displayed in the RESULT section along with the duration taken to send the probes. When incremental values are used, as is the case for TCP/IP implementation in many operating systems, these changes reflect the network load of the host at the time this test was conducted.
 
Please note that for reliability reasons only the network traffic from open TCP ports is analyzed.",N/A,N/A,,,"IP ID changes observed (network order) for port 22: 0 0 0 0 0 0 0 0 0 0 0 0 0 0 0 0 0 0 0 0 0 0 0 0 0 0 0 0 0 
Duration: 19 milli seconds",no,,TCP/IP
192.168.99.1,No registered hostname,,Ubuntu / Linux 3.x,"host scanned, found vuln",12230,Default Web Page,Ig,1,80,tcp,,,,,,The Result section displays the default Web page for the Web server.,N/A,N/A,,,"GET / HTTP/1.1
Host: 192.168.99.1
Connection: Keep-Alive



HTTP/1.1 302 Found
Date: Fri, 22 Nov 2019 15:56:17 GMT
Server: Apache
X-Frame-Options: DENY
X-XSS-Protection: 1; mode=block
Content-Security-Policy: default-src 'self'; connect-src *; script-src 'self' 'unsafe-inline' 'unsafe-eval'; img-src 'self' data: blob:; style-src 'self' 'unsafe-inline'; font-src 'self' data:; child-src 'self'; object-src 'none';
X-Content-Type-Options: nosniff
Location: https://192.168.99.1:443/
Content-Length: 206
Keep-Alive: timeout=60, max=99
Connection: Keep-Alive
Content-Type: text/html; charset=iso-8859-1

<!DOCTYPE HTML PUBLIC ""-//IETF//DTD HTML 2.0//EN"">
<html><head>
<title>302 Found</title>
</head><body>
 Found 
 The document has moved here (https://192.168.99.1:443/).</p>
</body></html>",no,,CGI
192.168.99.1,No registered hostname,,Ubuntu / Linux 3.x,"host scanned, found vuln",86000,Web Server Version,Ig,1,80,tcp,,,,,,N/A,N/A,N/A,,,"Server Version	Server Banner
Apache	Apache",no,,Web server
192.168.99.1,No registered hostname,,Ubuntu / Linux 3.x,"host scanned, found vuln",86496,Apache Web Server Detected,Ig,1,80,tcp,,,,,,"Apache, the open source web server software that is developed and maintained by Apache Software Foundation is detected on the host.",N/A,N/A,,,Apache web server detected on port 80 - Apache,no,,Web server
192.168.99.1,No registered hostname,,Ubuntu / Linux 3.x,"host scanned, found vuln",86565,Web Server Supports HTTP Request Pipelining,Ig,1,80,tcp,,,,,,"Version 1.1 of the HTTP protocol supports URL-Request Pipelining. This means that instead of using the ""Keep-Alive"" method to keep the TCP connection alive over multiple requests, the protocol allows multiple HTTP URL requests to be made in the same TCP packet. Any Web server which is HTTP 1.1 compliant should then process all the URLs requested in the single TCP packet and respond as usual.
 
The target Web server was found to support this functionality of the HTTP 1.1 protocol.","Support for URL-Request Pipelining has interesting consequences. For example, as explained in this paper by Daniel Roelker (http://www.defcon.org/images/defcon-11/dc-11-presentations/dc-11-Roelker/dc-11-roelker-paper.pdf), it can be used for evading detection by Intrusion Detection Systems. Also, it can be used in HTTP Response-Spliting style attacks.",N/A,,,"GET / HTTP/1.1
Host:192.168.99.1:80

GET /Q_Evasive/ HTTP/1.1
Host:192.168.99.1:80



HTTP/1.1 302 Found
Date: Fri, 22 Nov 2019 15:58:47 GMT
Server: Apache
X-Frame-Options: DENY
X-XSS-Protection: 1; mode=block
Content-Security-Policy: default-src 'self'; connect-src *; script-src 'self' 'unsafe-inline' 'unsafe-eval'; img-src 'self' data: blob:; style-src 'self' 'unsafe-inline'; font-src 'self' data:; child-src 'self'; object-src 'none';
X-Content-Type-Options: nosniff
Location: https://192.168.99.1:443/
Content-Length: 206
Content-Type: text/html; charset=iso-8859-1

<!DOCTYPE HTML PUBLIC ""-//IETF//DTD HTML 2.0//EN"">
<html><head>
<title>302 Found</title>
</head><body>
 Found 
 The document has moved here (https://192.168.99.1:443/).</p>
</body></html>
HTTP/1.1 302 Found
Date: Fri, 22 Nov 2019 15:58:47 GMT
Server: Apache
X-Frame-Options: DENY
Location: https://192.168.99.1:443/Q_Evasive/
Content-Length: 216
Content-Type: text/html; charset=iso-8859-1

<!DOCTYPE HTML PUBLIC ""-//IETF//DTD HTML 2.0//EN"">
<html><head>
<title>302 Found</title>
</head><body>
 Found 
 The document has moved here (https://192.168.99.1:443/Q_Evasive/).</p>
</body></html>",no,,Web server
192.168.99.1,No registered hostname,,Ubuntu / Linux 3.x,"host scanned, found vuln",12230,Default Web Page,Ig,1,443,tcp,,over ssl,,,,The Result section displays the default Web page for the Web server.,N/A,N/A,,,"GET / HTTP/1.1
Host: 192.168.99.1
Connection: Keep-Alive



HTTP/1.1 302 Found
Date: Fri, 22 Nov 2019 15:57:19 GMT
Server: Apache
X-Frame-Options: DENY
Strict-Transport-Security: max-age=63072000; includeSubDomains; preload
X-XSS-Protection: 1; mode=block
Content-Security-Policy: default-src 'self'; connect-src *; script-src 'self' 'unsafe-inline' 'unsafe-eval'; img-src 'self' data: blob:; style-src 'self' 'unsafe-inline'; font-src 'self' data:; child-src 'self'; object-src 'none';
X-Content-Type-Options: nosniff
Location: https://192.168.99.1/restgui/start.html
Content-Length: 220
Keep-Alive: timeout=60, max=99
Connection: Keep-Alive
Content-Type: text/html; charset=iso-8859-1

<!DOCTYPE HTML PUBLIC ""-//IETF//DTD HTML 2.0//EN"">
<html><head>
<title>302 Found</title>
</head><body>
 Found 
 The document has moved here (https://192.168.99.1/restgui/start.html).</p>
</body></html>",no,,CGI
192.168.99.1,No registered hostname,,Ubuntu / Linux 3.x,"host scanned, found vuln",38116,SSL Server Information Retrieval,Ig,1,443,tcp,,over ssl,,,," The following is a list of supported SSL ciphers. 
Note: If a cipher is included in this list it means that it was possible to establish a SSL connection using that cipher. There are some web servers setups that allow connections to be established using a LOW grade cipher, only to provide a web page stating that the URL is accessible only through a non-LOW grade cipher. In this case even though LOW grade cipher will be listed here QID 38140 will not be reported.",N/A,N/A,,,"CIPHER	KEY-EXCHANGE	AUTHENTICATION	MAC	ENCRYPTION(KEY-STRENGTH)	GRADE
SSLv2 PROTOCOL IS DISABLED	 	 	 	 	 
SSLv3 PROTOCOL IS DISABLED	 	 	 	 	 
TLSv1 PROTOCOL IS DISABLED	 	 	 	 	 
TLSv1.1 PROTOCOL IS ENABLED	 	 	 	 	 
TLSv1.1	COMPRESSION METHOD	None	 	 	 
DHE-RSA-AES128-SHA	DH	RSA	SHA1	AES(128)	MEDIUM
DHE-RSA-AES256-SHA	DH	RSA	SHA1	AES(256)	HIGH
DHE-RSA-CAMELLIA128-SHA	DH	RSA	SHA1	Camellia(128)	MEDIUM
DHE-RSA-CAMELLIA256-SHA	DH	RSA	SHA1	Camellia(256)	HIGH
DHE-RSA-SEED-SHA	DH	RSA	SHA1	SEED(128)	MEDIUM
ECDHE-RSA-AES128-SHA	ECDH	RSA	SHA1	AES(128)	MEDIUM
ECDHE-RSA-AES256-SHA	ECDH	RSA	SHA1	AES(256)	HIGH
TLSv1.2 PROTOCOL IS ENABLED	 	 	 	 	 
TLSv1.2	COMPRESSION METHOD	None	 	 	 
DHE-RSA-AES128-SHA	DH	RSA	SHA1	AES(128)	MEDIUM
DHE-RSA-AES256-SHA	DH	RSA	SHA1	AES(256)	HIGH
DHE-RSA-CAMELLIA128-SHA	DH	RSA	SHA1	Camellia(128)	MEDIUM
DHE-RSA-AES128-SHA256	DH	RSA	SHA256	AES(128)	MEDIUM
DHE-RSA-AES256-SHA256	DH	RSA	SHA256	AES(256)	HIGH
DHE-RSA-CAMELLIA256-SHA	DH	RSA	SHA1	Camellia(256)	HIGH
DHE-RSA-SEED-SHA	DH	RSA	SHA1	SEED(128)	MEDIUM
DHE-RSA-AES128-GCM-SHA256	DH	RSA	AEAD	AESGCM(128)	MEDIUM
DHE-RSA-AES256-GCM-SHA384	DH	RSA	AEAD	AESGCM(256)	HIGH
ECDHE-RSA-AES128-SHA	ECDH	RSA	SHA1	AES(128)	MEDIUM
ECDHE-RSA-AES256-SHA	ECDH	RSA	SHA1	AES(256)	HIGH
ECDHE-RSA-AES128-SHA256	ECDH	RSA	SHA256	AES(128)	MEDIUM
ECDHE-RSA-AES256-SHA384	ECDH	RSA	SHA384	AES(256)	HIGH
ECDHE-RSA-AES128-GCM-SHA256	ECDH	RSA	AEAD	AESGCM(128)	MEDIUM
ECDHE-RSA-AES256-GCM-SHA384	ECDH	RSA	AEAD	AESGCM(256)	HIGH
TLSv1.3 PROTOCOL IS DISABLED",no,,General remote services
192.168.99.1,No registered hostname,,Ubuntu / Linux 3.x,"host scanned, found vuln",38291,SSL Session Caching Information,Ig,1,443,tcp,,over ssl,,,,"SSL session is a collection of security parameters that are negotiated by the SSL client and server for each SSL connection. SSL session caching is targeted to reduce the overhead of negotiations in recurring SSL connections. SSL sessions can be reused to resume an earlier connection or to establish multiple simultaneous connections. The client suggests an SSL session to be reused by identifying the session with a Session-ID during SSL handshake. If the server finds it appropriate to reuse the session,  then they both proceed to secure communication with already known security parameters.
 
This test determines if SSL session caching is enabled on the host.",SSL session caching is part of the SSL and TLS protocols and is not a security threat. The result of this test is for informational purposes only.,,,,"TLSv1.1 session caching is enabled on the target.
TLSv1.2 session caching is enabled on the target.",no,,General remote services
192.168.99.1,No registered hostname,,Ubuntu / Linux 3.x,"host scanned, found vuln",38597,SSL/TLS invalid protocol version tolerance,Ig,1,443,tcp,,over ssl,,,,SSL/TLS protocols have different version that can be supported by both the client and the server. This test attempts to send invalid protocol versions to the target in order to find out what is the target's behavior. The results section contains a table that indicates what was the target's response to each of our tests.,N/A,N/A,,,"my version	target version
0304	0303
0399	0303
0400	0303
0499	0303",no,,General remote services
192.168.99.1,No registered hostname,,Ubuntu / Linux 3.x,"host scanned, found vuln",38704,SSL/TLS Key Exchange Methods,Ig,1,443,tcp,,over ssl,,,,"The following is a list of SSL/TLS key exchange methods supported by the server, along with their respective key sizes and strengths.",N/A,N/A,,,"NAME	GROUP	KEY-SIZE	FORWARD-SECRET	CLASSICAL-STRENGTH	QUANTUM-STRENGTH
TLSv1.1	 	 	 	 	 
DHE	 	2048	yes	110	low
ECDHE	secp256r1	256	yes	128	low
ECDHE	secp521r1	521	yes	260	low
ECDHE	brainpoolp512r1	512	yes	256	low
ECDHE	brainpoolp384r1	384	yes	192	low
ECDHE	secp384r1	384	yes	192	low
ECDHE	brainpoolp256r1	256	yes	128	low
ECDHE	secp256k1	256	yes	128	low
ECDHE	sect571r1	571	yes	285	low
ECDHE	sect571k1	571	yes	285	low
ECDHE	sect409k1	409	yes	204	low
ECDHE	sect409r1	409	yes	204	low
ECDHE	sect283k1	283	yes	141	low
ECDHE	sect283r1	283	yes	141	low
TLSv1.2	 	 	 	 	 
DHE	 	2048	yes	110	low
ECDHE	secp256r1	256	yes	128	low
ECDHE	secp521r1	521	yes	260	low
ECDHE	brainpoolp512r1	512	yes	256	low
ECDHE	brainpoolp384r1	384	yes	192	low
ECDHE	secp384r1	384	yes	192	low
ECDHE	brainpoolp256r1	256	yes	128	low
ECDHE	secp256k1	256	yes	128	low
ECDHE	sect571r1	571	yes	285	low
ECDHE	sect571k1	571	yes	285	low
ECDHE	sect409k1	409	yes	204	low
ECDHE	sect409r1	409	yes	204	low
ECDHE	sect283k1	283	yes	141	low
ECDHE	sect283r1	283	yes	141	low",no,,General remote services
192.168.99.1,No registered hostname,,Ubuntu / Linux 3.x,"host scanned, found vuln",38706,SSL/TLS Protocol Properties,Ig,1,443,tcp,,over ssl,,,,The following is a list of detected SSL/TLS protocol properties.,"Items include:  
 Extended Master Secret: indicates whether the extended_master_secret extension is supported or required by the server. This extension enhances security and is recommended. Applicable to TLSv1, TLSv1.1, TLSv1.2, DTLSv1, DTLSv1.2 
 Encrypt Then MAC: indicates whether the encrypt_then_mac extension is supported or required by the server. This extension enhances the security of non-AEAD ciphers and is recommended. Applicable to TLSv1, TLSv1.1, TLSv1.2, DTLSv1, DTLSv1.2 
 Heartbeat: indicates whether the heartbeat extension is supported. It is not recommended to enable this, except for DTLS. Applicable to TLSv1, TLSv1.1, TLSv1.2, TLSv1.3, DTLSv1, DTLSv1.2 
 Truncated HMAC: indicates whether the truncated_hmac extension is supported. This can degrade security and is not recommended. Applicable to TLSv1, TLSv1.1, TLSv1.2, DTLSv1, DTLSv1.2 
 Cipher priority: indicates whether client, server or both determine the priority of ciphers. Having the server determine the priority is recommended. Applicable to SSLv3, TLSv1, TLSv1.1, TLSv1.2, TLSv1.3, DTLSv1, DTLSv1.2",N/A,,,"NAME	STATUS
TLSv1.1	 
Extended Master Secret	no
Encrypt Then MAC	no
Heartbeat	yes
Truncated HMAC	no
Cipher priority controlled by	server
OCSP stapling	no
SCT extension	no
TLSv1.2	 
Extended Master Secret	no
Encrypt Then MAC	no
Heartbeat	yes
Truncated HMAC	no
Cipher priority controlled by	server
OCSP stapling	no
SCT extension	no",no,,General remote services
192.168.99.1,No registered hostname,,Ubuntu / Linux 3.x,"host scanned, found vuln",42350,TLS Secure Renegotiation Extension Support Information,Ig,1,443,tcp,,over ssl,,,,"Secure Socket Layer (SSL) and Transport Layer Security (TLS) renegotiation are vulnerable to an attack in which the attacker forms a TLS connection with the target server, injects content of his choice, and then splices in a new TLS connection from a client. The server treats the client's initial TLS handshake as a renegotiation and thus believes that the initial data transmitted by the attacker is from the same entity as the subsequent client data. TLS protocol was extended to cryptographically tierenegotiations to the TLS connections they are being performed over. This is referred to as TLS secure renegotiation extension. This detection determines whether the TLS secure renegotiation extension is supported by the server or not.",N/A,N/A,,,TLS Secure Renegotiation Extension Status: supported.,no,,General remote services
192.168.99.1,No registered hostname,,Ubuntu / Linux 3.x,"host scanned, found vuln",86002,SSL Certificate - Information,Ig,1,443,tcp,,over ssl,,,,,,,,,"NAME	VALUE
(0)CERTIFICATE 0	 
(0)Version	3 (0x2)
(0)Serial Number	 9a:a3:34:f8:16:1b:cd:ca 
(0)Signature Algorithm	sha256WithRSAEncryption
(0)ISSUER NAME	 
countryName	US
 stateOrProvinceName	Texas
 localityName	Round Rock
 organizationName	Dell Inc.
 organizationalUnitName	Remote Access Group
 commonName	idrac-SVCTAG
 emailAddress	support@dell.com
(0)SUBJECT NAME	 
countryName	US
 stateOrProvinceName	Texas
 localityName	Round Rock
 organizationName	Dell Inc.
 organizationalUnitName	Remote Access Group
 commonName	idrac-SVCTAG
 emailAddress	support@dell.com
(0)Valid From	May 31 05:41:00 2018 GMT
(0)Valid Till	Jun 1 05:06:00 2028 GMT
(0)Public Key Algorithm	rsaEncryption
(0)RSA Public Key	(2048 bit)
(0)	 RSA Public-Key: (2048 bit)
(0)	 Modulus:
(0)	 00:c2:98:f7:4e:1d:b1:83:26:a3:5b:6f:97:4f:fb:
(0)	 71:f5:b4:98:a7:d8:e0:38:03:05:55:e0:d2:a7:f1:
(0)	 45:13:0f:21:f9:02:74:aa:7a:ad:e1:46:f3:cb:7b:
(0)	 40:13:2a:a6:f2:58:f5:3c:72:0c:0f:99:b1:da:36:
(0)	 62:e1:66:a0:bb:6d:c0:ba:7a:2d:c2:ff:05:33:f5:
(0)	 3e:8d:5e:4d:63:2d:36:ca:5f:fb:9e:40:8a:78:5f:
(0)	 58:88:1e:51:1a:3c:04:ad:b9:a0:b6:48:7c:eb:eb:
(0)	 6e:99:7b:79:10:0d:eb:14:48:1d:65:84:36:46:a1:
(0)	 24:ef:0b:db:ca:2e:8c:19:e0:a8:4f:09:0a:88:23:
(0)	 a0:ab:44:56:6e:b1:1e:a6:41:38:f1:20:a0:93:44:
(0)	 27:c6:89:45:db:ea:aa:fa:24:45:1f:fa:ab:ec:fe:
(0)	 66:c2:cd:6c:a7:64:2c:af:63:8b:5a:c8:9f:c0:6d:
(0)	 f5:b6:8e:ee:4c:53:36:c8:47:3e:28:a1:07:9d:8b:
(0)	 67:1c:39:76:89:4e:1c:aa:b0:90:8b:25:91:69:21:
(0)	 52:ef:94:46:ff:ae:85:8d:3b:f6:8c:d9:a0:f1:83:
(0)	 d3:f2:e9:48:b1:6d:b0:b6:6b:da:08:0e:a5:07:3b:
(0)	 b5:87:a0:12:17:f8:68:a6:68:ac:24:5c:41:c5:e9:
(0)	 8c:47
(0)	 Exponent: 65537 (0x10001)
(0)X509v3 EXTENSIONS	 	
(0)X509v3 Subject Key Identifier	 75:D5:77:81:73:6D:F3:8F:84:73:F8:1E:BB:90:DE:EA:B0:5C:DA:BE
(0)X509v3 Authority Key Identifier	 keyid:75:D5:77:81:73:6D:F3:8F:84:73:F8:1E:BB:90:DE:EA:B0:5C:DA:BE
(0)X509v3 Basic Constraints	 CA:TRUE
(0)X509v3 Subject Alternative Name	 DNS:idrac-SVCTAG
(0)Signature	(256 octets)
(0)	1a:89:a0:58:bf:ad:8d:e7:40:17:bb:07:91:d0:77:c2
(0)	3c:74:7c:c0:39:f7:84:1c:cc:9e:47:5d:ce:cb:4c:ca
(0)	db:7e:c8:2b:72:0d:a8:6f:d1:1f:84:d0:bc:0f:41:cf
(0)	ca:93:f2:e5:f7:7d:8f:f3:2c:96:af:31:23:c7:a7:79
(0)	48:86:2d:56:e5:77:13:e3:02:85:64:ad:00:e8:d6:d5
(0)	77:2d:d7:4b:b3:87:1e:36:3a:21:33:82:6e:d0:1a:eb
(0)	5a:e1:b4:99:bf:54:be:c3:1e:04:e0:c7:eb:09:d9:bd
(0)	dd:a9:1f:97:eb:a4:b6:d1:63:b2:66:0f:bc:4b:64:b0
(0)	6d:f2:f9:78:4b:d6:b7:9a:f3:5e:92:59:c4:d6:e0:3b
(0)	ee:fb:12:37:5c:2b:89:de:2e:3b:b5:16:b9:90:09:34
(0)	a5:69:48:76:1b:9c:99:c3:63:2a:6e:a7:d2:c7:05:ad
(0)	34:a3:f0:25:11:5b:72:7c:1f:7f:33:d0:e5:93:fc:d8
(0)	63:06:a6:45:6a:40:da:e5:61:8c:00:7f:30:f4:a8:1d
(0)	84:73:59:a1:f6:f4:e9:ca:85:39:fd:cc:30:e6:3c:44
(0)	9d:ec:b4:06:31:03:73:32:64:67:e7:2e:c9:e2:65:74
(0)	8b:ac:c1:d3:99:86:5b:cc:4a:3d:c2:b1:46:62:51:9f",no,,Web server
192.168.99.1,No registered hostname,,Ubuntu / Linux 3.x,"host scanned, found vuln",86565,Web Server Supports HTTP Request Pipelining,Ig,1,443,tcp,,over ssl,,,,"Version 1.1 of the HTTP protocol supports URL-Request Pipelining. This means that instead of using the ""Keep-Alive"" method to keep the TCP connection alive over multiple requests, the protocol allows multiple HTTP URL requests to be made in the same TCP packet. Any Web server which is HTTP 1.1 compliant should then process all the URLs requested in the single TCP packet and respond as usual.
 
The target Web server was found to support this functionality of the HTTP 1.1 protocol.","Support for URL-Request Pipelining has interesting consequences. For example, as explained in this paper by Daniel Roelker (http://www.defcon.org/images/defcon-11/dc-11-presentations/dc-11-Roelker/dc-11-roelker-paper.pdf), it can be used for evading detection by Intrusion Detection Systems. Also, it can be used in HTTP Response-Spliting style attacks.",N/A,,,"GET / HTTP/1.1
Host:192.168.99.1:443

GET /Q_Evasive/ HTTP/1.1
Host:192.168.99.1:443



HTTP/1.1 302 Found
Date: Fri, 22 Nov 2019 15:58:53 GMT
Server: Apache
X-Frame-Options: DENY
Strict-Transport-Security: max-age=63072000; includeSubDomains; preload
X-XSS-Protection: 1; mode=block
Content-Security-Policy: default-src 'self'; connect-src *; script-src 'self' 'unsafe-inline' 'unsafe-eval'; img-src 'self' data: blob:; style-src 'self' 'unsafe-inline'; font-src 'self' data:; child-src 'self'; object-src 'none';
X-Content-Type-Options: nosniff
Location: https://192.168.99.1/restgui/start.html
Content-Length: 220
Content-Type: text/html; charset=iso-8859-1

<!DOCTYPE HTML PUBLIC ""-//IETF//DTD HTML 2.0//EN"">
<html><head>
<title>302 Found</title>
</head><body>
 Found 
 The document has moved here (https://192.168.99.1/restgui/start.html).</p>
</body></html>
HTTP/1.1 404 Not Found
Date: Fri, 22 Nov 2019 15:58:53 GMT
Server: Apache
X-Frame-Options: DENY
Strict-Transport-Security: max-age=63072000; includeSubDomains; preload
Content-Length: 208
Content-Type: text/html; charset=iso-8859-1

<!DOCTYPE HTML PUBLIC ""-//IETF//DTD HTML 2.0//EN"">
<html><head>
<title>404 Not Found</title>
</head><body>
 Not Found 
 The requested URL /Q_Evasive/ was not found on this server.</p>
</body></html>",no,,Web server
192.168.99.1,No registered hostname,,Ubuntu / Linux 3.x,"host scanned, found vuln",13376,Dell EMC iDRAC Detected,Ig,1,443,tcp,,,,,,"The integrated Dell Remote Access Controller (iDRAC) provides functionality that helps IT administrators deploy, update, monitor, and maintain Dell servers. 



 QID Detection Logic (Unauthenticated): 
This  QID tries to find Dell EMC iDRAC versions by transmitting a HTTP GET request to  public/about.html,sysmgmt/2015/bmc/info and aimGetProp=fwVersionFull. It works for idrac 6,7,8 and 9.",N/A,N/A,,,"Dell iDRAC 9 detected on port 443 
FwVer"":""3.34.34.34"",",no,,CGI
192.168.99.1,No registered hostname,,Ubuntu / Linux 3.x,"host scanned, found vuln",86001,SSL Web Server Version,Ig,1,443,tcp,,,,,,,,,,,"Server Version	Server Banner
Apache	Apache",no,,Web server
192.168.99.1,No registered hostname,,Ubuntu / Linux 3.x,"host scanned, found vuln",86137,HTTP Strict Transport Security (HSTS) Support Detected,Ig,1,443,tcp,,,,,,HTTP Strict Transport Security (HSTS) is an opt-in security enhancement that is specified by a web application through the use of a special response header. Once a supported browser receives this header that browser will prevent any communications from being sent over HTTP to the specified domain and will instead send all communications over HTTPS.,N/A,N/A,,,Strict-Transport-Security: max-age=63072000; includeSubDomains; preload,no,,Web server
192.168.99.1,No registered hostname,,Ubuntu / Linux 3.x,"host scanned, found vuln",86383,HTTP Service Unavailable Replies Received,Ig,1,443,tcp,,,,,,"We have received ""503 Service Unavailable"" replies in response to our HTTP requests. The server is temporarily unable to service your request due to maintenance downtime or capacity problems.","The detection of possible Web Server vulnerabilities can be inconsistent as follows.

- Because our scanner could not access to this service, there are possibility of missing some vulnerabilities which should be detected.

- If the target host is a Windows host, there is a possibility that some
vulnerabilities for IIS that should be detected were not detected.",N/A,,,"HTTP/1.1 503 Service Unavailable
Date: Fri, 22 Nov 2019 15:57:33 GMT
Server: Apache
X-Frame-Options: DENY
Strict-Transport-Security: max-age=63072000; includeSubDomains; preload
Content-Length: 299
Connection: close
Content-Type: text/html; charset=iso-8859-1

<!DOCTYPE HTML PUBLIC ""-//IETF//DTD HTML 2.0//EN"">
<html><head>
<title>503 Service Unavailable</title>
</head><body>
 Service Unavailable 
 The server is temporarily unable to service your
request due to maintenance downtime or capacity
problems. Please try again later.</p>
</body></html>",no,,Web server
192.168.99.1,No registered hostname,,Ubuntu / Linux 3.x,"host scanned, found vuln",86496,Apache Web Server Detected,Ig,1,443,tcp,,,,,,"Apache, the open source web server software that is developed and maintained by Apache Software Foundation is detected on the host.",N/A,N/A,,,Apache web server detected on port 443 - Apache,no,,Web server
192.168.99.1,No registered hostname,,Ubuntu / Linux 3.x,"host scanned, found vuln",86672,List of Web Directories,Ig,1,443,tcp,,,,,,"Based largely on the HTTP reply code, the following directories are most likely present on the host.",,,,,"Directory	Source
/cgi-bin/	brute force
/restgui/	web page
/restgui/css/	web page
/restgui/js/	web page
/restgui/js/angular/	web page
/restgui/js/common/	web page",no,,Web server
192.168.99.1,No registered hostname,,Ubuntu / Linux 3.x,"host scanned, found vuln",12230,Default Web Page,Ig,1,5900,tcp,,over ssl,,,,The Result section displays the default Web page for the Web server.,N/A,N/A,,,"GET / HTTP/1.1
Host: 192.168.99.1:5900
Connection: Keep-Alive



HTTP/1.1 200 OK
Server: APS
Content-Type: text/html
Cache-Control: no-cache, no-store, must-revalidate, private
X-Frame-Options: SAMEORIGIN
Content-Security-Policy: default-src 'self'; connect-src *; script-src 'self' 'unsafe-inline' 'unsafe-eval'; img-src 'self' data:; style-src 'self' 'unsafe-inline'; font-src 'self' data:; child-src 'self'; object-src 'none'
X-Content-Type-Options: nosniff
X-XSS-Protection: 1; mode=block
Strict-Transport-Security: max-age=31536000; includeSubDomains
Content-Length: 2533

<!DOCTYPE html>
<html lang=""en"">
<head>
<title>embedded WS server test page</title>
<meta charset=utf-8 http-equiv=""Content-Language"" content=""en""/>
<meta http-equiv=""Content-Type"" content=""text/html; charset=UTF-8"" />

<style type=""text/css"">
div.title { font-size:18pt; font: Arial; font-weight:normal; text-align:center; color:000000; }
.browser { font-size:18pt; font: Arial; font-weight:normal; text-align:center; color:ffff00; vertical-align:middle; text-align:center; background:d0b070; padding:12px; -webkit-border-radius:10px; -moz-border-radius:10px; border-radius:10px;}
.group2 { width:600px; vertical-align:middle; text-align:center; background:f0f0e0; padding:12px; -webkit-border-radius:10px; -moz-border-radius:10px; border-radius:10px; }
.explain { vertical-align:middle; text-align:center; background:f0f0c0; padding:12px; -webkit-border-radius:10px; -moz-border-radius:10px; border-radius:10px; color:404000; }
.content { vertical-align:top; text-align:center; background:fffff0; padding:12px; -webkit-border-radius:10px; -moz-border-radius:10px; border-radius:10px; }
.canvas { vertical-align:top; text-align:center; background:efefd0; padding:12px; -webkit-border-radius:10px; -moz-border-radius:10px; border-radius:10px; }
</style>
<script type=""text/javascript"">

var origin = window.location.origin;
console.log(""origin:: ""+origin);

window.onload = function()
{
console.log('WebSocket servers index.html: onload function entered');
function receiver(event) 
{
console.log('WebSocket servers index.html: reciever event:'+ event.data + ""  ""+event.origin);
//            if (origin.indexOf(event.origin)==0)
//            {
event.source.postMessage('Hello', event.origin);
window.close();
//            }
}

window.addEventListener(""message"",receiver);
console.log('WebSocket servers index.html:: performed addEventListener');
}

function closeThis(){
console.log('WebSocket servers index.html:: closeThis');
self.close();
}

</script>
</head>

<body>
<article>
<table>
<tr><td>
You have a SSL certificate for remote presence port. You should close this window now.
</td></tr>
<tr><td align=""middle"">   
<input id=""btnClose"" type=""button"" onclick=""closeThis()"" value=""Close"" />
</td></tr>
</table>
</article>
</body>
</html>",no,,CGI
192.168.99.1,No registered hostname,,Ubuntu / Linux 3.x,"host scanned, found vuln",38116,SSL Server Information Retrieval,Ig,1,5900,tcp,,over ssl,,,," The following is a list of supported SSL ciphers. 
Note: If a cipher is included in this list it means that it was possible to establish a SSL connection using that cipher. There are some web servers setups that allow connections to be established using a LOW grade cipher, only to provide a web page stating that the URL is accessible only through a non-LOW grade cipher. In this case even though LOW grade cipher will be listed here QID 38140 will not be reported.",N/A,N/A,,,"CIPHER	KEY-EXCHANGE	AUTHENTICATION	MAC	ENCRYPTION(KEY-STRENGTH)	GRADE
SSLv2 PROTOCOL IS DISABLED	 	 	 	 	 
SSLv3 PROTOCOL IS DISABLED	 	 	 	 	 
TLSv1 PROTOCOL IS DISABLED	 	 	 	 	 
TLSv1.1 PROTOCOL IS ENABLED	 	 	 	 	 
TLSv1.1	COMPRESSION METHOD	None	 	 	 
ECDHE-RSA-AES128-SHA	ECDH	RSA	SHA1	AES(128)	MEDIUM
ECDHE-RSA-AES256-SHA	ECDH	RSA	SHA1	AES(256)	HIGH
TLSv1.2 PROTOCOL IS ENABLED	 	 	 	 	 
TLSv1.2	COMPRESSION METHOD	None	 	 	 
ECDHE-RSA-AES128-SHA	ECDH	RSA	SHA1	AES(128)	MEDIUM
ECDHE-RSA-AES256-SHA	ECDH	RSA	SHA1	AES(256)	HIGH
ECDHE-RSA-AES128-SHA256	ECDH	RSA	SHA256	AES(128)	MEDIUM
ECDHE-RSA-AES256-SHA384	ECDH	RSA	SHA384	AES(256)	HIGH
ECDHE-RSA-AES128-GCM-SHA256	ECDH	RSA	AEAD	AESGCM(128)	MEDIUM
ECDHE-RSA-AES256-GCM-SHA384	ECDH	RSA	AEAD	AESGCM(256)	HIGH
TLSv1.3 PROTOCOL IS DISABLED",no,,General remote services
192.168.99.1,No registered hostname,,Ubuntu / Linux 3.x,"host scanned, found vuln",38291,SSL Session Caching Information,Ig,1,5900,tcp,,over ssl,,,,"SSL session is a collection of security parameters that are negotiated by the SSL client and server for each SSL connection. SSL session caching is targeted to reduce the overhead of negotiations in recurring SSL connections. SSL sessions can be reused to resume an earlier connection or to establish multiple simultaneous connections. The client suggests an SSL session to be reused by identifying the session with a Session-ID during SSL handshake. If the server finds it appropriate to reuse the session,  then they both proceed to secure communication with already known security parameters.
 
This test determines if SSL session caching is enabled on the host.",SSL session caching is part of the SSL and TLS protocols and is not a security threat. The result of this test is for informational purposes only.,,,,"TLSv1.1 session caching is enabled on the target.
TLSv1.2 session caching is enabled on the target.",no,,General remote services
192.168.99.1,No registered hostname,,Ubuntu / Linux 3.x,"host scanned, found vuln",38597,SSL/TLS invalid protocol version tolerance,Ig,1,5900,tcp,,over ssl,,,,SSL/TLS protocols have different version that can be supported by both the client and the server. This test attempts to send invalid protocol versions to the target in order to find out what is the target's behavior. The results section contains a table that indicates what was the target's response to each of our tests.,N/A,N/A,,,"my version	target version
0304	0303
0399	0303
0400	0303
0499	0303",no,,General remote services
192.168.99.1,No registered hostname,,Ubuntu / Linux 3.x,"host scanned, found vuln",38704,SSL/TLS Key Exchange Methods,Ig,1,5900,tcp,,over ssl,,,,"The following is a list of SSL/TLS key exchange methods supported by the server, along with their respective key sizes and strengths.",N/A,N/A,,,"NAME	GROUP	KEY-SIZE	FORWARD-SECRET	CLASSICAL-STRENGTH	QUANTUM-STRENGTH
TLSv1.1	 	 	 	 	 
ECDHE	secp256r1	256	yes	128	low
TLSv1.2	 	 	 	 	 
ECDHE	secp256r1	256	yes	128	low",no,,General remote services
192.168.99.1,No registered hostname,,Ubuntu / Linux 3.x,"host scanned, found vuln",38706,SSL/TLS Protocol Properties,Ig,1,5900,tcp,,over ssl,,,,The following is a list of detected SSL/TLS protocol properties.,"Items include:  
 Extended Master Secret: indicates whether the extended_master_secret extension is supported or required by the server. This extension enhances security and is recommended. Applicable to TLSv1, TLSv1.1, TLSv1.2, DTLSv1, DTLSv1.2 
 Encrypt Then MAC: indicates whether the encrypt_then_mac extension is supported or required by the server. This extension enhances the security of non-AEAD ciphers and is recommended. Applicable to TLSv1, TLSv1.1, TLSv1.2, DTLSv1, DTLSv1.2 
 Heartbeat: indicates whether the heartbeat extension is supported. It is not recommended to enable this, except for DTLS. Applicable to TLSv1, TLSv1.1, TLSv1.2, TLSv1.3, DTLSv1, DTLSv1.2 
 Truncated HMAC: indicates whether the truncated_hmac extension is supported. This can degrade security and is not recommended. Applicable to TLSv1, TLSv1.1, TLSv1.2, DTLSv1, DTLSv1.2 
 Cipher priority: indicates whether client, server or both determine the priority of ciphers. Having the server determine the priority is recommended. Applicable to SSLv3, TLSv1, TLSv1.1, TLSv1.2, TLSv1.3, DTLSv1, DTLSv1.2",N/A,,,"NAME	STATUS
TLSv1.1	 
Extended Master Secret	no
Encrypt Then MAC	no
Heartbeat	yes
Truncated HMAC	no
Cipher priority controlled by	server
OCSP stapling	no
SCT extension	no
TLSv1.2	 
Extended Master Secret	no
Encrypt Then MAC	no
Heartbeat	yes
Truncated HMAC	no
Cipher priority controlled by	server
OCSP stapling	no
SCT extension	no",no,,General remote services
192.168.99.1,No registered hostname,,Ubuntu / Linux 3.x,"host scanned, found vuln",42350,TLS Secure Renegotiation Extension Support Information,Ig,1,5900,tcp,,over ssl,,,,"Secure Socket Layer (SSL) and Transport Layer Security (TLS) renegotiation are vulnerable to an attack in which the attacker forms a TLS connection with the target server, injects content of his choice, and then splices in a new TLS connection from a client. The server treats the client's initial TLS handshake as a renegotiation and thus believes that the initial data transmitted by the attacker is from the same entity as the subsequent client data. TLS protocol was extended to cryptographically tierenegotiations to the TLS connections they are being performed over. This is referred to as TLS secure renegotiation extension. This detection determines whether the TLS secure renegotiation extension is supported by the server or not.",N/A,N/A,,,TLS Secure Renegotiation Extension Status: supported.,no,,General remote services
192.168.99.1,No registered hostname,,Ubuntu / Linux 3.x,"host scanned, found vuln",86002,SSL Certificate - Information,Ig,1,5900,tcp,,over ssl,,,,,,,,,"NAME	VALUE
(0)CERTIFICATE 0	 
(0)Version	3 (0x2)
(0)Serial Number	 9a:a3:34:f8:16:1b:cd:ca 
(0)Signature Algorithm	sha256WithRSAEncryption
(0)ISSUER NAME	 
countryName	US
 stateOrProvinceName	Texas
 localityName	Round Rock
 organizationName	Dell Inc.
 organizationalUnitName	Remote Access Group
 commonName	idrac-SVCTAG
 emailAddress	support@dell.com
(0)SUBJECT NAME	 
countryName	US
 stateOrProvinceName	Texas
 localityName	Round Rock
 organizationName	Dell Inc.
 organizationalUnitName	Remote Access Group
 commonName	idrac-SVCTAG
 emailAddress	support@dell.com
(0)Valid From	May 31 05:41:00 2018 GMT
(0)Valid Till	Jun 1 05:06:00 2028 GMT
(0)Public Key Algorithm	rsaEncryption
(0)RSA Public Key	(2048 bit)
(0)	 RSA Public-Key: (2048 bit)
(0)	 Modulus:
(0)	 00:c2:98:f7:4e:1d:b1:83:26:a3:5b:6f:97:4f:fb:
(0)	 71:f5:b4:98:a7:d8:e0:38:03:05:55:e0:d2:a7:f1:
(0)	 45:13:0f:21:f9:02:74:aa:7a:ad:e1:46:f3:cb:7b:
(0)	 40:13:2a:a6:f2:58:f5:3c:72:0c:0f:99:b1:da:36:
(0)	 62:e1:66:a0:bb:6d:c0:ba:7a:2d:c2:ff:05:33:f5:
(0)	 3e:8d:5e:4d:63:2d:36:ca:5f:fb:9e:40:8a:78:5f:
(0)	 58:88:1e:51:1a:3c:04:ad:b9:a0:b6:48:7c:eb:eb:
(0)	 6e:99:7b:79:10:0d:eb:14:48:1d:65:84:36:46:a1:
(0)	 24:ef:0b:db:ca:2e:8c:19:e0:a8:4f:09:0a:88:23:
(0)	 a0:ab:44:56:6e:b1:1e:a6:41:38:f1:20:a0:93:44:
(0)	 27:c6:89:45:db:ea:aa:fa:24:45:1f:fa:ab:ec:fe:
(0)	 66:c2:cd:6c:a7:64:2c:af:63:8b:5a:c8:9f:c0:6d:
(0)	 f5:b6:8e:ee:4c:53:36:c8:47:3e:28:a1:07:9d:8b:
(0)	 67:1c:39:76:89:4e:1c:aa:b0:90:8b:25:91:69:21:
(0)	 52:ef:94:46:ff:ae:85:8d:3b:f6:8c:d9:a0:f1:83:
(0)	 d3:f2:e9:48:b1:6d:b0:b6:6b:da:08:0e:a5:07:3b:
(0)	 b5:87:a0:12:17:f8:68:a6:68:ac:24:5c:41:c5:e9:
(0)	 8c:47
(0)	 Exponent: 65537 (0x10001)
(0)X509v3 EXTENSIONS	 	
(0)X509v3 Subject Key Identifier	 75:D5:77:81:73:6D:F3:8F:84:73:F8:1E:BB:90:DE:EA:B0:5C:DA:BE
(0)X509v3 Authority Key Identifier	 keyid:75:D5:77:81:73:6D:F3:8F:84:73:F8:1E:BB:90:DE:EA:B0:5C:DA:BE
(0)X509v3 Basic Constraints	 CA:TRUE
(0)X509v3 Subject Alternative Name	 DNS:idrac-SVCTAG
(0)Signature	(256 octets)
(0)	1a:89:a0:58:bf:ad:8d:e7:40:17:bb:07:91:d0:77:c2
(0)	3c:74:7c:c0:39:f7:84:1c:cc:9e:47:5d:ce:cb:4c:ca
(0)	db:7e:c8:2b:72:0d:a8:6f:d1:1f:84:d0:bc:0f:41:cf
(0)	ca:93:f2:e5:f7:7d:8f:f3:2c:96:af:31:23:c7:a7:79
(0)	48:86:2d:56:e5:77:13:e3:02:85:64:ad:00:e8:d6:d5
(0)	77:2d:d7:4b:b3:87:1e:36:3a:21:33:82:6e:d0:1a:eb
(0)	5a:e1:b4:99:bf:54:be:c3:1e:04:e0:c7:eb:09:d9:bd
(0)	dd:a9:1f:97:eb:a4:b6:d1:63:b2:66:0f:bc:4b:64:b0
(0)	6d:f2:f9:78:4b:d6:b7:9a:f3:5e:92:59:c4:d6:e0:3b
(0)	ee:fb:12:37:5c:2b:89:de:2e:3b:b5:16:b9:90:09:34
(0)	a5:69:48:76:1b:9c:99:c3:63:2a:6e:a7:d2:c7:05:ad
(0)	34:a3:f0:25:11:5b:72:7c:1f:7f:33:d0:e5:93:fc:d8
(0)	63:06:a6:45:6a:40:da:e5:61:8c:00:7f:30:f4:a8:1d
(0)	84:73:59:a1:f6:f4:e9:ca:85:39:fd:cc:30:e6:3c:44
(0)	9d:ec:b4:06:31:03:73:32:64:67:e7:2e:c9:e2:65:74
(0)	8b:ac:c1:d3:99:86:5b:cc:4a:3d:c2:b1:46:62:51:9f",no,,Web server
192.168.99.1,No registered hostname,,Ubuntu / Linux 3.x,"host scanned, found vuln",38047,SSH daemon information retrieving,Ig,1,22,tcp,,,,,,"SSH is a secure protocol, provided it is fully patched, properly configured, and uses FIPS approved algorithms. 
 
 
For Red Hat ES 4:-
SSH1 supported					yes
Supported authentification methods for SSH1	RSA,password
Supported ciphers for SSH1			3des,blowfish
SSH2 supported					yes
Supported keys exchange algorithm for SSH2	diffie-hellman-group-exchange-sha1,diffie-hellman-group14-sha1,diffie-hellman-group1-sha1
Supported decryption ciphers for SSH2		aes128-cbc,3des-cbc,blowfish-cbc,cast128-cbc,arcfour,aes192-cbc,aes256-cbc,rijndael-cbc@lysator.liu.se,aes128-ctr,aes192-ctr,aes256-ctr
Supported encryption ciphers for SSH2		aes128-cbc,3des-cbc,blowfish-cbc,cast128-cbc,arcfour,aes192-cbc,aes256-cbc,rijndael-cbc@lysator.liu.se,aes128-ctr,aes192-ctr,aes256-ctr
Supported decryption mac for SSH2		hmac-md5,hmac-sha1,hmac-ripemd160,hmac-ripemd160@openssh.com,hmac-sha1-96,hmac-md5-96
Supported encryption mac for SSH2		hmac-md5,hmac-sha1,hmac-ripemd160,hmac-ripemd160@openssh.com,hmac-sha1-96,hmac-md5-96
Supported authentification methods for SSH2	publickey,gssapi-with-mic,password",Successful exploitation allows an attacker to execute arbitrary commands on the SSH server or otherwise subvert an encrypted SSH channel with arbitrary data.,SSH version 2 is preferred over SSH version 1.,,,"SSH1 supported	no
SSH2 supported	yes
Supported key exchange algorithms for SSH2	curve25519-sha256,curve25519-sha256@libssh.org,ecdh-sha2-nistp256,ecdh-sha2-nistp384,ecdh-sha2-nistp521,diffie-hellman-group-exchange-sha256,diffie-hellman-group16-sha512,diffie-hellman-group18-sha512,diffie-hellman-group14-sha256
Supported host key algorithms for SSH2	ssh-rsa,rsa-sha2-512,rsa-sha2-256,ecdsa-sha2-nistp256,ssh-ed25519
Supported decryption ciphers for SSH2	chacha20-poly1305@openssh.com,aes128-ctr,aes192-ctr,aes256-ctr,aes128-gcm@openssh.com,aes256-gcm@openssh.com
Supported encryption ciphers for SSH2	chacha20-poly1305@openssh.com,aes128-ctr,aes192-ctr,aes256-ctr,aes128-gcm@openssh.com,aes256-gcm@openssh.com
Supported decryption macs for SSH2	umac-128-etm@openssh.com,hmac-sha2-256-etm@openssh.com,hmac-sha2-512-etm@openssh.com,hmac-sha1-etm@openssh.com,umac-128@openssh.com,hmac-sha2-256,hmac-sha2-512,hmac-sha1
Supported encryption macs for SSH2	umac-128-etm@openssh.com,hmac-sha2-256-etm@openssh.com,hmac-sha2-512-etm@openssh.com,hmac-sha1-etm@openssh.com,umac-128@openssh.com,hmac-sha2-256,hmac-sha2-512,hmac-sha1
Supported decompression for SSH2	none
Supported compression for SSH2	none
Supported authentication methods for SSH2	publickey,password",no,,General remote services
192.168.99.1,No registered hostname,,Ubuntu / Linux 3.x,"host scanned, found vuln",38050,SSH Banner,Ig,1,22,tcp,,,,,,,,,,,SSH-2.0-SSHSERVER,no,,General remote services
192.168.99.1,No registered hostname,,Ubuntu / Linux 3.x,"host scanned, found vuln",86001,SSL Web Server Version,Ig,1,5900,tcp,,,,,,,,,,,"Server Version	Server Banner
_	APS",no,,Web server
192.168.99.1,No registered hostname,,Ubuntu / Linux 3.x,"host scanned, found vuln",86137,HTTP Strict Transport Security (HSTS) Support Detected,Ig,1,5900,tcp,,,,,,HTTP Strict Transport Security (HSTS) is an opt-in security enhancement that is specified by a web application through the use of a special response header. Once a supported browser receives this header that browser will prevent any communications from being sent over HTTP to the specified domain and will instead send all communications over HTTPS.,N/A,N/A,,,Strict-Transport-Security: max-age=31536000; includeSubDomains,no,,Web server
192.168.99.1,No registered hostname,,Ubuntu / Linux 3.x,"host scanned, found vuln",86672,List of Web Directories,Ig,1,5900,tcp,,,,,,"Based largely on the HTTP reply code, the following directories are most likely present on the host.",,,,,"Directory	Source
\	brute force",no,,Web server
